haiku,gruen_score
sent_2,0.45820730630780765
sent_3,0.4294495423302545
sent_1,0.2512268126010895
